{"cameraMode":{"drawMode":0,"name":"Shaded","section":"Shading Mode"},"sceneLighting":true,"audioPlay":false,"sceneViewState":{"m_AlwaysRefresh":false,"showFog":true,"showSkybox":true,"showFlares":true,"showImageEffects":true,"showParticleSystems":true,"showVisualEffectGraphs":true,"m_FxEnabled":true},"in2DMode":false,"pivot":{"x":0.2612278461456299,"y":7.16245174407959,"z":-1.3167715072631837},"rotation":{"x":0.17037370800971986,"y":-0.004481553565710783,"z":0.004221754148602486,"w":0.9864840507507324},"size":11.87419319152832,"orthographic":false}